{
  "2825819433": {
    "relative_path": "./AmazonReviewStarJob/1923647808273387520/",
    "task_type": "AmazonReviewStarJob",
    "actual_task_id": "1923647808273387520",
    "last_updated": "2025-05-29T14:26:40.906263"
  },
  "2826687813": {
    "relative_path": "./AmazonReviewStarJob/1924008291551674368/",
    "task_type": "AmazonReviewStarJob",
    "actual_task_id": "1924008291551674368",
    "last_updated": "2025-05-29T14:30:03.480272"
  },
  "2831574859": {
    "relative_path": "./AmazonReviewStarJob/1925822143763324928/",
    "task_type": "AmazonReviewStarJob",
    "actual_task_id": "1925822143763324928",
    "last_updated": "2025-05-29T14:30:40.070051"
  },
  "2831574768": {
    "relative_path": "./AmazonReviewStarJob/1925821888917413888/",
    "task_type": "AmazonReviewStarJob",
    "actual_task_id": "1925821888917413888",
    "last_updated": "2025-05-29T14:32:12.540969"
  },
  "2832106674": {
    "relative_path": "./AmazonReviewStarJob/1926183426010386432/",
    "task_type": "AmazonReviewStarJob",
    "actual_task_id": "1926183426010386432",
    "last_updated": "2025-05-29T14:32:49.767801"
  }
}