[{"review_star": 1, "review_star_num": [{"rating_num": 100, "review_num": 0, "rating_rate": 0.08}]}, {"review_star": 2, "review_star_num": [{"rating_num": 65, "review_num": 0, "rating_rate": 0.04}]}, {"review_star": 3, "review_star_num": [{"rating_num": 177, "review_num": 0, "rating_rate": 0.07}]}, {"review_star": 4, "review_star_num": [{"rating_num": 577, "review_num": 0, "rating_rate": 0.19}]}, {"review_star": 5, "review_star_num": [{"rating_num": 1950, "review_num": 0, "rating_rate": 0.62}]}]